event_id,event_name
1,2012p001887
2,2012p392201
3,2012p546497
4,2013p542711
5,2013p544960
6,2013p545809
7,2013p613824
8,2013p613867
9,2013p613947
10,2013p614135
11,2013p614294
12,2013p617227
13,2014p240655
14,2014p933337
15,2015p012816
16,2015p127696
17,2015p144416
18,2015p150850
19,2015p332712
20,2016p118944
21,2016p661400
22,2016p761676
23,2016p858094
24,2016p858260
25,2016p858279
26,2016p858508
27,2016p858951
28,2016p859270
29,2016p859628
30,2016p860567
31,2016p871889
32,2016p881669
33,2016p913880
34,2016p981371
35,2017p012082
36,2017p095675
37,2017p795065
38,2017p879247
39,2018p829286
40,2019p315560
41,2019p603895
42,2019p665658
43,2020p198433
44,2020p650426
45,2020p880407
46,2021p064325
47,2021p193233
48,2022p901216
49,2023p204478
50,2023p204951
51,2023p310616
52,2023p707798
53,2024p945089
54,2398629
55,2626467
56,2922302
57,3125077
58,3125691
59,3133965
60,3367749
61,3468575
62,3468581
63,3468635
64,3497857
65,3525264
66,3528810
67,3528839
68,3533107
69,3612525
70,3631359
71,3631363
72,3631380
73,3713255
